29,www.pcpartpicker.com/b/bt2V3C
30,www.pcpartpicker.com/b/Bgj2FT
32,www.pcpartpicker.com/b/BQsXsY
35,www.pcpartpicker.com/b/DGgtt6
45,www.pcpartpicker.com/b/y3Gqqs
47,www.pcpartpicker.com/b/qWvfrH
49,www.pcpartpicker.com/b/sM7XsY
94,www.pcpartpicker.com/b/n3nLrH
102,www.pcpartpicker.com/b/vMQD4D
103,www.pcpartpicker.com/b/v9YgXL
104,www.pcpartpicker.com/b/4fcTwP
116,www.pcpartpicker.com/b/pWLPxr
140,www.pcpartpicker.com/b/KFhtt6
142,www.pcpartpicker.com/b/qxmkcf
188,www.pcpartpicker.com/b/BnJfrH
195,www.pcpartpicker.com/b/tsCzK8
217,www.pcpartpicker.com/b/KMgtt6
226,www.pcpartpicker.com/b/h39NnQ
247,www.pcpartpicker.com/b/rmK323
248,www.pcpartpicker.com/b/zvCzK8
253,www.pcpartpicker.com/b/V7gtt6
260,www.pcpartpicker.com/b/Hdz7YJ
274,www.pcpartpicker.com/b/GYqp99
291,www.pcpartpicker.com/b/NNZZxr
297,www.pcpartpicker.com/b/rZHzK8
306,www.pcpartpicker.com/b/WdfPxr
311,www.pcpartpicker.com/b/QLYgXL
365,www.pcpartpicker.com/b/K2ZZxr
366,www.pcpartpicker.com/b/vqVcCJ
385,www.pcpartpicker.com/b/knwzK8
386,www.pcpartpicker.com/b/ft4dnQ
387,www.pcpartpicker.com/b/mKGqqs
388,www.pcpartpicker.com/b/brW323
389,www.pcpartpicker.com/b/Gt4dnQ
385,www.pcpartpicker.com/b/knwzK8
386,www.pcpartpicker.com/b/ft4dnQ
387,www.pcpartpicker.com/b/mKGqqs
389,www.pcpartpicker.com/b/Gt4dnQ
407,www.pcpartpicker.com/b/PLfPxr
417,www.pcpartpicker.com/b/nyQD4D
422,www.pcpartpicker.com/b/YdvfrH
429,www.pcpartpicker.com/b/gY2V3C
431,www.pcpartpicker.com/b/JrwzK8
441,www.pcpartpicker.com/b/JGdD4D
451,www.pcpartpicker.com/b/fnNPxr
461,www.pcpartpicker.com/b/nQLPxr
500,www.pcpartpicker.com/b/ZLp2FT
503,www.pcpartpicker.com/b/3zXbt6
507,www.pcpartpicker.com/b/PRwzK8
517,www.pcpartpicker.com/b/2cgtt6
554,www.pcpartpicker.com/b/y7Gqqs
564,www.pcpartpicker.com/b/dJgtt6
569,www.pcpartpicker.com/b/bRYgXL
578,www.pcpartpicker.com/b/qpz7YJ
585,www.pcpartpicker.com/b/c3mkcf
615,www.pcpartpicker.com/b/CDkXsY
646,www.pcpartpicker.com/b/TF4dnQ
653,www.pcpartpicker.com/b/VYLPxr
665,www.pcpartpicker.com/b/xvZZxr
675,www.pcpartpicker.com/b/7nGqqs
708,www.pcpartpicker.com/b/GpK323
727,www.pcpartpicker.com/b/vrvfrH
742,www.pcpartpicker.com/b/4t8J7P
746,www.pcpartpicker.com/b/Kwz7YJ
